Name,Type,Downloads
Pingnet HK,Commercial,182
Chowan University,Education,39
Oberlin College,Education,14
Tulane University,Education,13
Massachusetts Institute of Technology,Education,12
West Coast Techies,Commercial,9
Boston University,Education,8
Universiteit Utrecht,Education,8
Therion LLC,Organization,8
Universite Pierre et Marie Curie,Education,7
Coe College,Education,7
Alpha Omega,Commercial,7
James Madison University,Education,6
University of Toronto,Education,6
Colorado School of Mines,Education,6
University of Maryland,Education,5
Virginia Commonwealth University,Education,5
University of California Irvine,Education,5
Rose-Hulman Institute of Technology,Education,5
Indian Intitute of Technology (IIT)-Gujarat,Education,5
Universidad de Santiago de Compostela,Education,5
Christopher Newport University,Education,5
Shashemane Ericsson APN Natting,Education,5
Coelho e Barra Internet e TV Por Assinatura Ltda,Commercial,5
University of Puget Sound,Education,4
University of Colorado,Education,4
San Diego State University,Education,4
Ontario Hydro,Commercial,4
Aniruddha skyline web service,Commercial,4
Dzinet Ltd.,Commercial,4
Apollo Technologies and Solutions,Commercial,4
Ismael Stroher & Cia. Ltda. - ME,Commercial,4
FTTH Nat,Commercial,4
Swarthmore College,Education,3
Texas A&M University,Education,3
Technische Universiteit Eindhoven,Education,3
Stanford University,Education,3
Carleton University,Education,3
Michigan State University,Education,3
University of California San Diego,Education,3
North Carolina State University,Education,3
Montclair State University,Education,3
Imperial College London,Education,3
Claremont University Consortium,Education,3
Pern-Pakistan Education & Research Network is an,Library,3
Drew University,Education,3
CUHK,Education,3
Institut Teknologi Bandung,Education,3
OCG Musco Corp,Organization,3
Southern Utah University,Education,3
University of Stavanger,Education,3
Xtranet Communications Ltd,Education,3
Aarhus Universitet,Commercial,3
Israel Ministry Of Defence,Government,3
Arkansas Research and Education Optical Network,Education,3
JPR Digital Pvt. Ltd.,Commercial,3
Kit Carson Electric Cooperative Inc,Commercial,3
MUENET GmbH,Commercial,3
Jetway Broadband,Commercial,3
Homax Industries Limited,Commercial,3
Private Company Nonthaburi Province,Commercial,3
University of Energy and Natural Resources,Education,3
Headquarters USAISC,Military,2
University of Leicester,Education,2
New York University,Education,2
University of California Los Angeles,Education,2
Georgia Institute of Technology,Education,2
California State University Office of the Chancellor,Education,2
Yale University,Education,2
University of Leeds,Education,2
National Institute of Standards and Technology,Government,2
Brown University,Education,2
Emory University,Education,2
Rochester Institute of Technology,Education,2
University of St. Thomas,Education,2
Fundacao Para a Ciencia e a Tecnologia I.P.,Government,2
University of Oklahoma,Education,2
TOBB Ekonomi ve Teknoloji Universitesi,Education,2
Brandeis University,Education,2
Wheaton College,Education,2
University of Alabama,Education,2
Southern Polytechnic State University,Education,2
Korean Education Network,Education,2
Coast Guard Academy,Education,2
Rajendra Memorial Research Institute of Medical Science,Organization,2
Ecole Centrale Paris,Commercial,2
Shri Govindram Seksaria Institute of Technology and Science,Education,2
Emporia State University,Education,2
University of Portland,Education,2
Gazon Communications India Limited,Commercial,2
Microsoft Limited,Commercial,2
Hardin Simmons University,Education,2
Mubarakpur,Commercial,2
JWay Co. Ltd,Commercial,2
A D Communication,Commercial,2
Universidad de Granada,Education,2
The Weblink Network,Commercial,2
Icon Ltd,Commercial,2
Waverly Utilities,Commercial,2
Eightee8 Network Pvt Ltd,Commercial,2
Universite de Nice,Education,2
The University of Edinburgh,Education,2
University of Warwick,Education,2
Joink LLC,Commercial,2
Lightbulb Creative,Commercial,2
Helmut-Schmidt-Universitaet/Universitaet der Bundeswehr Hamburg,Military,2
Supernet Linhares,Commercial,2
Patriot Web Solutions,Commercial,2
CSH LLC,Commercial,2
Keystone Networks - Sydney,Commercial,2
University of Florida/University Medical Center,Education,1
University of Texas at Austin,Education,1
Colorado State University,Education,1
University of Utah,Education,1
University of Pretoria,Education,1
Boise State University,Education,1
University of Pittsburgh,Education,1
California State University Los Angeles,Education,1
University of Florida,Education,1
Intel Corporation,Commercial,1
University of Wisconsin Madison,Education,1
Northwestern University,Education,1
George Mason University,Education,1
University of Washington,Education,1
University of Cambridge,Education,1
Cherry Creek School District,Education,1
Arizona State University,Education,1
Southern Illinois University,Education,1
Queens University Belfast,Education,1
DoD Network Information Center,Military,1
Brigham Young University,Education,1
University of Illinois,Education,1
University of California Santa Barbara,Education,1
The University of Memphis,Education,1
University of Georgia,Education,1
University of Arkansas at Little Rock,Education,1
University of Fort Hare,Education,1
University of North Carolina at Chapel Hill,Education,1
University of Nevada Reno,Education,1
University of Waterloo,Education,1
The Goldman Sachs Group Inc.,Commercial,1
Purdue University,Education,1
Massey University,Education,1
University of Glasgow,Education,1
University of California at Berkeley,Education,1
University of Michigan,Education,1
Smith College,Education,1
Binghamton University,Education,1
University of Massachusetts,Education,1
University of Notre Dame,Education,1
Memorial University of Newfoundland,Education,1
South Dakota State University,Education,1
University of Arizona,Education,1
College of William and Mary,Education,1
University of Idaho,Education,1
University of Alberta,Education,1
Automobile Club of Southern California,Organization,1
Concordia College,Education,1
University of Dayton,Education,1
University of North Texas,Education,1
IVYTech Community College of Indiana,Education,1
Colleges of the Fenway Inc.,Education,1
WV Department of Education,Education,1
National Science Foundation,Government,1
California State University at Fresno,Education,1
Pacific Lutheran University,Education,1
Wyoming Community College Commission,Education,1
Bowling Green State University,Education,1
University of Tehran Informatics Center,Education,1
Haskolinn i Reykjavik,Education,1
Brazoria INET,Commercial,1
Niagara University,Education,1
Loyola University New Orleans,Education,1
Colorado Community College System,Education,1
Wellesley College,Education,1
Tohoku University,Education,1
St. Olaf College,Education,1
New Jersey Institute of Technology,Education,1
Reed College,Education,1
Andrews University,Education,1
Birmingham-Southern College,Education,1
Universitaet Bremen,Education,1
Macalester College,Education,1
University of Central Lancashire,Education,1
Parklawn Computer Center/Dimes HQ,Government,1
University of Denver,Education,1
Seoul National University,Education,1
Norfolk State University,Education,1
GlaxoSmithKline,Commercial,1
Loughborough University,Education,1
Capital One Financial Corporation,Commercial,1
Cape Peninsula University of Technology,Education,1
University of Tromso,Education,1
Stasishen Aleksandr Afanasiyovich,Commercial,1
Uniwersytet Marii Curie Sklodowskiej,Education,1
University of Newcastle Australia - Callaghan Campus,Education,1
EVO North,Commercial,1
Instituto Politecnico Nacional,Organization,1
University of Cincinnati,Education,1
Rensselaer Hartford Graduate Center,Education,1
University of Sydney,Education,1
Ephorus B.V. Groenekan,Commercial,1
Australian Defence Organization,Military,1
Universiti Sains Malaysia Penang Malaysia,Education,1
Peking University New Campu Network,Education,1
Landssimi Islands,Commercial,1
Colorado College,Education,1
Politechnika Warszawska,Education,1
Choate Rosemary Hall,Education,1
Persona Communications,Commercial,1
La Sierra University,Education,1
Shanghai Jiaotong University,Education,1
Huazhong University of Science and Technology,Education,1
Colby College,Education,1
Anna University Chennai,Education,1
Network Block is for the Use of Stpi-Bangalore Softnet-In,Commercial,1
Ankhnet Informations Pvt. Ltd.,Commercial,1
NWT a.s,Commercial,1
Tongji University,Education,1
Herningsholm Erhvervsskole,Commercial,1
University of Wollongong,Education,1
"Universita' Ca' Foscari - Venezia",Education,1
Delhi University North Campus,Education,1
National University of Science and Technology,Education,1
Banjarahills Zone,Commercial,1
Aalto University,Education,1
Shahrekord University,Education,1
Universidad de Alcala de Henares,Education,1
Bulgarian Academy of Sciences,Commercial,1
SAP SE,Commercial,1
National Technical University of Athens,Education,1
Universite Libre de Bruxelles,Education,1
Fife Council,Commercial,1
Natural Environment Research Council,Government,1
South West Grid for Learning Trust Ltd.,Organization,1
Universite Paris1 Pantheon - Sorbonne,Education,1
Scientific Publishing Services (P) Ltd,Commercial,1
Aqaba Water Company,Commercial,1
New York University Abu Dhabi - Abu Dhabi Foreign Branch-USA,Education,1
Zhejiang University,Education,1
FHU Ez-Bit Tomasz Zakonek,Commercial,1
Umea kommun,Commercial,1
Van Yuzuncu Yil Universitesi,Education,1
Sichuan University,Education,1
Stiftelsen Chalmers Studenthem,Commercial,1
Zantel Customer Block in Mwanza,Commercial,1
Lamar Consolidated Independent School District,Education,1
Karadeniz Technical University,Education,1
Universidad Autonoma de Occidente,Education,1
Expedia Inc.,Commercial,1
Florida Gulf Coast University,Education,1
Moscow Institute of Physics and Technology,Organization,1
Meteor,Commercial,1
Western Kentucky University,Education,1
Whittier College,Education,1
Saginaw Valley State University,Education,1
Routemaze,Commercial,1
Shabakeh Gostar Dorna Cooperative Co.,Education,1
Universidad del Valle de Guatemala,Education,1
Institute for Advanced Study,Education,1
Home Internet Ltd,Commercial,1
Northwestern Michigan College,Education,1
Japan Agency for Marine-Earth Science and Technology,Government,1
Dhirubhai Ambani Institute of Information,Organization,1
Private Joint-Stock Company Farlep-Invest,Commercial,1
Haiti Networking Group S.A.,Commercial,1
Evdo Customers,Commercial,1
LNM Institite of Information Technology Jaipur,Commercial,1
Zeppelin Universitaet gemeinnuetzige GmbH,Education,1
Hochschule Furtwangen,Commercial,1
Washtenaw County,Organization,1
Israel Local Authorities Data Processing Center Ltd.,Commercial,1
Madritel Cablemodem,Commercial,1
Shree Omkar Infocom Pvt Ltd,Commercial,1
Ltd. Cypher,Commercial,1
Coop. Ltda de Electricidad Y Servicios Anexos de Huinca Renanco,Commercial,1
University of Jamestowm,Education,1
Albright College,Education,1
Mitene Internet Co. Ltd.,Commercial,1
European Bank for Reconstrcution And Development,Commercial,1
Intech Enterprises,Commercial,1
G C Link Pvt Ltd,Commercial,1
Dominican University,Education,1
Rajeev Video Kurla,Commercial,1
Banco Central de Chile,Commercial,1
Internexa S.A. E.S.P,Commercial,1
Robert Bosch Gesellschaft mit Beschraenkter Haftung,Commercial,1
Longmont Power & Communications,Government,1
Capaix Connectic,Commercial,1
NTT Europe Ltd. Germany,Commercial,1
University of Nairobi,Education,1
Chippewa Valley Technical College,Education,1
Megawire Inc.,Commercial,1
Ogden Telephone Co.,Commercial,1
Wageningen Universiteit,Education,1
Cactus Ltd.,Commercial,1
Regional Institute of Education,Organization,1
Ul. Marymoncka,Commercial,1
Classic Tech Pvt. Ltd. 3rd Floor Alfabeta Complex New Baneshwore,Commercial,1
Universite du Burundi at Its Campus Mutanga,Education,1
E4A s.r.l.,Commercial,1
ZMNE Bolyai Janos Katonai Muszaki Foiskolai Kar,Commercial,1
Optix Media LLC,Commercial,1
International School of Stavanger,Education,1
BBDO NY,Commercial,1
Ethr.Net LLC,Commercial,1
Kate Spade & Company,Commercial,1
Villas at Vista Del Sol,Commercial,1
Comfortel Ltd.,Commercial,1
Squarepoint Pte Ltd,Commercial,1
A. Magsaysay Inc.,Commercial,1
Cascade Pediatrics,Commercial,1
Ecole Polytechnique Federale de Lausanne,Education,1
Infotechnet Informatica e Assistencia Tecnica Ltda,Commercial,1
National Research Tomsk Polytechnic University,Education,1
Bodensee-Schiffsbetriebe GmbH,Commercial,1
Stockholm,Commercial,1
Centre College,Education,1
General Atomics,Commercial,1
Comandancia General de la Policia Nacional,Government,1
Bitco,Commercial,1
Harare Broadband,Commercial,1
Concordia University Wisconsin,Education,1
Shri Sadguru Broadnet Service,Commercial,1
Railwire Bhubneshwar,Commercial,1
Hydraulik-Ring GmbH,Commercial,1
ACP Oracle Prince Family Practice Ltd,Commercial,1
Ardinvest Ltd,Commercial,1
Yazd University,Education,1
GPRS/3G Mobile Users,Commercial,1
Topica Co. Ltd,Commercial,1
GLA University,Education,1
Horizon & Associates,Commercial,1
Carl von Ossietzky Universitaet Oldenburg,Education,1
Start.ca,Commercial,1
Landmark University Omu-Aran,Education,1
Home Broadband Services LLP,Commercial,1
Istanbul Teknik Universitesi,Education,1
Studierendenwerk Bonn AoeR,Commercial,1
Moi University,Education,1
National Institute of Technology Japan,Education,1
GWDG,Education,1
Ufinet Colombia S. A.,Commercial,1
Dsouza Cable Network,Commercial,1
Fribzi Multi Technologies Pvt. Ltd.,Commercial,1
AZTEVIL - Villas at Vista Del Sol,Education,1
Delta Centric LLC,Commercial,1
GERANT Kereskedelmi es Szolgaltato Kft,Commercial,1
Sit la Precisa S.p.A.,Commercial,1
Eberhard-Karls-Universitaet Tuebingen,Education,1
BNR Consulting CC,Commercial,1
HZ Hosting Ltd,Commercial,1
Nova customers,Commercial,1
Netcon Comercio de Produtos Para Informatica Ltda,Commercial,1
National Institute of Water and Atmospheric Research Ltd,Education,1
European Mobile Operator Oy,Commercial,1
UE Exponetial OOD,Commercial,1
Swiss Federation Represented by FOITT,Government,1
Indian Institute of Technology Argul,Education,1
Global Networks Infocomm Pvt Ltd,Commercial,1
Amtech Communications,Commercial,1
James Cook University,Education,1
Koninklijke Nederlandse Academie van Wetenschappen,Commercial,1
Members,Organization,1
Hi-Tech Isolutions LLP,Commercial,1
SC 3D Media Creation SRL,Commercial,1
North-Eastern Federal University,Education,1
ITV-3 Inc.,Commercial,1
Korbank S. A.,Commercial,1
Campus Village Technology,Commercial,1
Inha University,Education,1
Frankfurt International School,Education,1
Contato Internet Eireli,Commercial,1
Fastway Transmission Private Limited,Commercial,1
MD Rafiqul Islam T/A Open Network Solutions,Commercial,1
Linq Telecomunicacoes Ltda ME,Commercial,1
Hewlett Packard Enterprise Company,Commercial,1
DIS Research Ltd.,Commercial,1
University of Michigan Information and Technology Services,Education,1
Max-Planck-Institut fuer Informatik,Education,1
Interregional Society of Communication City Communication Networks LLC,Organization,1
The Education University of Hong Kong,Education,1
Rexham Industries,Commercial,1
Emerald Expositions LLC.,Commercial,1
Technology Specialists Group,Commercial,1
Smith & Masters Limited,Commercial,1
Moec,Government,1
Lulea Tekniska Universitet,Education,1
University of Mines and Technology,Education,1
Stuff Fibre,Commercial,1
"Agence de l'Informatique de l'Etat",Commercial,1
Huawei IT Hong Kong Data Center,Commercial,1
First/24 Block,Education,1
Arizona College,Education,1
Carrier,Commercial,1
Parknet F.M.B.A,Commercial,1
PJSC Industrial Media Network,Commercial,1
Met Office,Government,1
McAfee Germany GmbH,Commercial,1
Krispan Info Technologies,Commercial,1
Fiberlink Sp. z o.o.,Commercial,1
Euro-Information-Europeenne de Traitement de L Information SAS,Commercial,1
Jacek Jarosz Trading as Info Serwis,Commercial,1
Duronto Online,Commercial,1
Pepperl und Fuchs,Commercial,1
Maranet Telecom,Commercial,1
ITMinds Consultoria em Tecnologia da Informacao,Commercial,1
Ianciuc Invest SRL,Commercial,1
Academy of Charter Schools,Education,1
Air Force Systems Networking,Military,1
Apog GSU,Commercial,1
Bule Hora University,Education,1
Inet Communications Limited,Commercial,1
Telecomunicaciones Rocarli C.A,Commercial,1
Fl 26 China United Center No.28 Marble Rd North Point,Commercial,1
Netinformatik Inc.,Commercial,1
EnterNext Communications,Commercial,1
Newtrend,Commercial,1
Ridhhi Sidhhi Cable And Internet,Commercial,1
TouchStone Pvt. Ltd.,Commercial,1
Computer Center,Education,1
KK Networks (Pvt) Ltd.,Commercial,1
Multilink computers Pvt Ltd.,Commercial,1
Netfirre Communications Pvt Ltd,Commercial,1
Gnet MM,Commercial,1
Hang Seng Management College,Education,1
Firstlink Communications Pvt. Ltd.,Commercial,1
Ragsaa Communication Pvt. Ltd.,Commercial,1
SCTV Infrastructure Business Invesment Company Limited,Commercial,1
Adda Network,Commercial,1
Balaji Enterprises,Commercial,1
AGB Communication ISP,Commercial,1
Universitas Negeri Medan,Education,1
Evedin Technologies,Commercial,1
Peering Exchange Inc,Commercial,1
Joister Infomedia Pvt Ltd.,Commercial,1
Gaurika Internet Private limited,Commercial,1
Eg Iaa Tiba Center,Commercial,1
PT. Manggar Media Utama,Commercial,1
Rutgers University,Education,1